state,poscount,negcount
Utah,36.85998828353837,90.25190392501464
Hawaii,41.73044493449215,88.78799671379772
Minnesota,37.09620745391084,89.26187073953477
Ohio,39.71895395145293,89.47440149002863
Oregon,39.005797585838984,90.38449177925467
Arkansas,42.97356828193833,84.00881057268722
Texas,39.69714796420531,89.80009729277205
North Dakota,36.58310550947593,86.09424957138224
Pennsylvania,39.45123892967493,89.4275705961838
Connecticut,40.14089418985841,90.24203110832113
Nebraska,39.22773478986497,89.94082840236686
Vermont,36.50818890125616,90.8411512164096
Nevada,39.769893448197685,90.74472908637497
Washington,39.29039059975853,90.18314146275104
Illinois,39.221731037691946,89.48929734760354
Oklahoma,38.32230176955289,91.20626772929893
Delaware,41.81735985533454,89.45147679324894
Alaska,40.278759721240284,89.22836077163923
New Mexico,38.87154326494201,89.75245316681534
West Virginia,40.52147894849327,89.01474674075656
Missouri,38.13876651982379,90.80763582966226
Rhode Island,37.04550651726504,90.89869654699291
Georgia,38.862403736658244,89.74349076450947
Montana,42.058562555456966,89.57409050576753
Virginia,39.551555219244094,89.99429155548475
Michigan,39.34827479131277,89.15191700001827
North Carolina,38.992096699209675,89.87819618781961
Wyoming,39.78819969742814,87.09026727181039
Kansas,39.15896727398325,89.35325101459287
New Jersey,39.69885641677256,88.09148665819568
Maryland,38.69972151244581,90.30317820332463
Alabama,38.32127026875386,89.75481119901251
Arizona,39.238631313879424,89.79040142201156
Iowa,38.25173392642884,89.52620643235491
Massachusetts,39.10946450065305,89.62123216922906
Kentucky,41.44994944388271,89.47522750252782
Louisiana,38.25859817152808,90.5616020896822
Mississippi,39.59508538752801,90.10895603121861
Tennessee,38.261266747868454,90.78486601705238
New Hampshire,38.298996302165875,89.61965134706814
Florida,38.7188869677108,89.41654268366239
Indiana,36.801502309293,91.92001218088616
Idaho,39.63414634146341,91.40534262485482
South Carolina,38.81779760507161,90.16787978398685
South Dakota,38.42388644150759,88.30151737640725
California,39.91688172403392,89.63583087154493
New York,38.56101614044324,90.49589496372103
Wisconsin,37.1730707135938,90.26073619631902
Colorado,39.455241314180626,89.46890998558577
Maine,38.066202090592334,92.75551684088269
